symbol,date,ratio,first_seen,last_seen,rejected
AAPL,1987-06-16,2.0,2026-10-02,2026-10-02,
AAPL,2000-06-21,2.0,2026-10-02,2026-10-02,
AAPL,2005-02-28,2.0,2026-10-02,2026-10-02,
AAPL,2014-06-09,7.0,2026-10-02,2026-10-02,
AAPL,2020-08-31,4.0,2026-10-02,2026-10-02,
BRK-B,2010-01-21,50.0,2026-10-02,2026-10-02,
CMCSA,1980-05-16,1.5,2026-10-02,2026-10-02,
CMCSA,1981-04-13,1.5,2026-10-02,2026-10-02,
CMCSA,1983-01-06,1.5,2026-10-02,2026-10-02,
CMCSA,1984-09-19,1.5,2026-10-02,2026-10-02,
CMCSA,1985-06-28,1.5,2026-10-02,2026-10-02,
CMCSA,1986-12-19,1.5,2026-10-02,2026-10-02,
CMCSA,1988-04-11,1.5,2026-10-02,2026-10-02,
CMCSA,1989-10-25,1.5,2026-10-02,2026-10-02,
CMCSA,1994-02-03,1.5,2026-10-02,2026-10-02,
CMCSA,1999-05-06,2.0,2026-10-02,2026-10-02,
CMCSA,2007-02-22,1.5,2026-10-02,2026-10-02,
CMCSA,2017-02-21,2.0,2026-10-02,2026-10-02,
CMCSA,2026-01-05,1.067,2026-10-02,2026-10-02,
MA,2014-01-22,10.0,2026-10-02,2026-10-02,
MSFT,1987-09-21,2.0,2026-10-02,2026-10-02,
MSFT,1990-04-16,2.0,2026-10-02,2026-10-02,
MSFT,1991-06-27,1.5,2026-10-02,2026-10-02,
MSFT,1992-06-15,1.5,2026-10-02,2026-10-02,
MSFT,1994-05-23,2.0,2026-10-02,2026-10-02,
MSFT,1996-12-09,2.0,2026-10-02,2026-10-02,
MSFT,1998-02-23,2.0,2026-10-02,2026-10-02,
MSFT,1999-03-29,2.0,2026-10-02,2026-10-02,
MSFT,2003-02-18,2.0,2026-10-02,2026-10-02,
NVDA,2000-06-27,2.0,2026-10-02,2026-10-02,
NVDA,2001-09-12,2.0,2026-10-02,2026-10-02,
NVDA,2006-04-07,2.0,2026-10-02,2026-10-02,
NVDA,2007-09-11,1.5,2026-10-02,2026-10-02,
NVDA,2021-07-20,4.0,2026-10-02,2026-10-02,
NVDA,2024-06-10,10.0,2026-10-02,2026-10-02,
SMCI,2024-10-01,10.0,2026-10-02,2026-10-02,
TAL,2017-08-16,6.0,2026-10-02,2026-10-02,
